text,category
PLC programming and SCADA systems are core to factory automation.,Factory Automation
IoT enables smart factories and predictive maintenance.,IoT
PID controllers are essential for process control.,Process Control
Robotics and machine vision optimize production lines.,Factory Automation
Industrial IoT helps integrate sensors with cloud platforms.,IoT
Safety protocols like ISA standards are crucial in automation.,Safety and Standards
Predictive maintenance reduces unplanned downtime.,IoT
SCADA systems monitor industrial processes efficiently.,Process Control
IoT provides insights from industrial sensors.,IoT
PID controllers stabilize industrial processes.,Process Control
ISA safety standards guide automation implementations.,Safety and Standards
How do I reset my password?,General
What is the support team's contact information?,General
"The website is down, what should I do?",General
Can I schedule a meeting with a sales representative?,General
How do I unsubscribe from the mailing list?,General
Robotics,Factory Automation
PLC programming and SCADA systems are core to factory automation.,Factory Automation
PLC programming and SCADA systems are core to factory automation systems.,Factory Automation
PLC programming and SCADA systems are key to factory automation.,Factory Automation
enables smart factories and predictive maintenance. enables smart factories and predictive maintenance.,IoT
enables smart factories and predictive maintenance. IoT enables smart factories and predictive maintenance.,IoT
enables smart factories and predictive maintenance. The enables smart factories and predictive maintenance.,IoT
PID controllers are essential for process control.,Process Control
are essential for process control. PID controllers are essential for process control.,Process Control
are essential for process control.,Process Control
Robotics and machine vision optimize production lines.,Factory Automation
Robotics and machine vision optimize production lines. Robotics and machine vision optimize production lines.,Factory Automation
robots and machine vision optimize production lines. Robotics and machine vision optimize production lines.,Factory Automation
helps integrate sensors with cloud platforms. Industrial IoT helps integrate sensors with cloud platforms.,IoT
IoT helps integrate sensors with cloud platforms. Industrial IoT helps integrate sensors with cloud platforms.,IoT
helps integrate sensors with cloud platforms. helps integrate sensors with cloud platforms.,IoT
Safety protocols like ISA standards are crucial in automation.,Safety and Standards
Safety protocols such as ISA standards are crucial in automation.,Safety and Standards
ISA standards are crucial in automation.,Safety and Standards
preventive maintenance reduces unplanned downtime.,IoT
preventative maintenance reduces unplanned downtime.,IoT
Predictive maintenance reduces unplanned downtime.,IoT
monitor industrial processes efficiently. SCADA systems monitor industrial processes efficiently.,Process Control
SCADA systems monitor industrial processes efficiently.,Process Control
monitor industrial processes efficiently. SCADA SCADA systems monitor industrial processes efficiently.,Process Control
provides insights from industrial sensors. IoT provides insights from industrial sensors.,IoT
provides insights from industrial sensors. The IoT provides insights from industrial sensors.,IoT
provides insights from industrial sensors. provides insights from industrial sensors.,IoT
stabilize industrial processes. PID controllers stabilize industrial processes.,Process Control
stabilize industrial processes. PID controllers stabilize industrial processes.,Process Control
stabilize industrial processes. PID controllers stabilize industrial processes. PID controllers stabilize industrial processes.,Process Control
guide automation implementations. ISA safety standards guide automation implementations.,Safety and Standards
guide automation implementations. guide automation implementations. ISA safety standards guide automation implementations.,Safety and Standards
guide automation implementations. The ISA safety standards guide automation implementations.,Safety and Standards
How do I reset my password?,General
How do I reset my password? How do I reset my password?,General
How can I reset my password?,General
What is the support team's contact information?,General
Was is the support team's contact information?,General
What is the support team's contact information? What is the support team's contact information?,General
"The website is down, what should I do?",General
"The website is down, what should I do? The website is down, what should I do?",General
"The website is down, what should I do? The site is down, what should I do?",General
How do I schedule a meeting with a sales representative? How do I schedule a meeting with a sales representative?,General
How do I schedule a meeting with a sales representative? How can I schedule a meeting with a sales representative?,General
Can I schedule a meeting with a sales representative? a sales representative?,General
from the mailing list? from the mailing list? How do I unsubscribe from the mailing list?,General
from the mailing list? How do I unsubscribe from the mailing list?,General
from the list? from the mailing list? How do I unsubscribe from the mailing list?,General
Robotics Robotics Robotics Robotics Robotics Robotics Robotics Robotics Robotics Robotics Robotics Robotics Robotics Robotics Robotics Robotics,Factory Automation
Robotics Robotics Robotics Robotics Robotics Robotics Robotics Robotics Robotics Robotics Robotics Robotics Robotics Robotics Robotics Robotic,Factory Automation
Robotics Robotics Robotics Robotics Robotics Robotics Robotics Robotics Robotics Robotics Robotics Robotics Robotics Robotics Robotics Robotic,Factory Automation
PLC programming and SCADA systems are core to factory automation.,Factory Automation
PLC programming and SCADA systems are core to factory automation systems.,Factory Automation
PLC programming and SCADA systems are key to factory automation.,Factory Automation
enables smart factories and predictive maintenance. enables smart factories and predictive maintenance.,IoT
enables smart factories and predictive maintenance. IoT enables smart factories and predictive maintenance.,IoT
enables smart factories and predictive maintenance. The enables smart factories and predictive maintenance.,IoT
PID controllers are essential for process control.,Process Control
are essential for process control. PID controllers are essential for process control.,Process Control
are essential for process control.,Process Control
Robotics and machine vision optimize production lines.,Factory Automation
Robotics and machine vision optimize production lines. Robotics and machine vision optimize production lines.,Factory Automation
robots and machine vision optimize production lines. Robotics and machine vision optimize production lines.,Factory Automation
helps integrate sensors with cloud platforms. Industrial IoT helps integrate sensors with cloud platforms.,IoT
IoT helps integrate sensors with cloud platforms. Industrial IoT helps integrate sensors with cloud platforms.,IoT
helps integrate sensors with cloud platforms. helps integrate sensors with cloud platforms.,IoT
Safety protocols like ISA standards are crucial in automation.,Safety and Standards
Safety protocols such as ISA standards are crucial in automation.,Safety and Standards
ISA standards are crucial in automation.,Safety and Standards
preventive maintenance reduces unplanned downtime.,IoT
preventative maintenance reduces unplanned downtime.,IoT
Predictive maintenance reduces unplanned downtime.,IoT
monitor industrial processes efficiently. SCADA systems monitor industrial processes efficiently.,Process Control
SCADA systems monitor industrial processes efficiently.,Process Control
monitor industrial processes efficiently. SCADA SCADA systems monitor industrial processes efficiently.,Process Control
provides insights from industrial sensors. IoT provides insights from industrial sensors.,IoT
provides insights from industrial sensors. The IoT provides insights from industrial sensors.,IoT
provides insights from industrial sensors. provides insights from industrial sensors.,IoT
stabilize industrial processes. PID controllers stabilize industrial processes.,Process Control
stabilize industrial processes. PID controllers stabilize industrial processes.,Process Control
stabilize industrial processes. PID controllers stabilize industrial processes. PID controllers stabilize industrial processes.,Process Control
guide automation implementations. ISA safety standards guide automation implementations.,Safety and Standards
guide automation implementations. guide automation implementations. ISA safety standards guide automation implementations.,Safety and Standards
guide automation implementations. The ISA safety standards guide automation implementations.,Safety and Standards
How do I reset my password?,General
How do I reset my password? How do I reset my password?,General
How can I reset my password?,General
What is the support team's contact information?,General
Was is the support team's contact information?,General
What is the support team's contact information? What is the support team's contact information?,General
"The website is down, what should I do?",General
"The website is down, what should I do? The website is down, what should I do?",General
"The website is down, what should I do? The site is down, what should I do?",General
How do I schedule a meeting with a sales representative? How do I schedule a meeting with a sales representative?,General
How do I schedule a meeting with a sales representative? How can I schedule a meeting with a sales representative?,General
Can I schedule a meeting with a sales representative? a sales representative?,General
from the mailing list? from the mailing list? How do I unsubscribe from the mailing list?,General
from the mailing list? How do I unsubscribe from the mailing list?,General
from the list? from the mailing list? How do I unsubscribe from the mailing list?,General
Robotics Robotics Robotics Robotics Robotics Robotics Robotics Robotics Robotics Robotics Robotics Robotics Robotics Robotics Robotics Robotics,Factory Automation
Robotics Robotics Robotics Robotics Robotics Robotics Robotics Robotics Robotics Robotics Robotics Robotics Robotics Robotics Robotics Robotic,Factory Automation
Robotics Robotics Robotics Robotics Robotics Robotics Robotics Robotics Robotics Robotics Robotics Robotics Robotics Robotics Robotics Robotic,Factory Automation
PLC programming and SCADA systems are core to factory automation.,Factory Automation
PLC programming and SCADA systems are core to factory automation systems.,Factory Automation
enables smart factories and predictive maintenance. enables smart factories and predictive maintenance.,IoT
enables smart factories and predictive maintenance. IoT enables smart factories and predictive maintenance.,IoT
PID controllers are essential for process control.,Process Control
are essential for process control. PID controllers are essential for process control.,Process Control
Robotics and machine vision optimize production lines.,Factory Automation
Robotics and machine vision optimize production lines. Robotics and machine vision optimize production lines.,Factory Automation
helps integrate sensors with cloud platforms. Industrial IoT helps integrate sensors with cloud platforms.,IoT
IoT helps integrate sensors with cloud platforms. Industrial IoT helps integrate sensors with cloud platforms.,IoT
Safety protocols like ISA standards are crucial in automation.,Safety and Standards
Safety protocols such as ISA standards are crucial in automation.,Safety and Standards
preventive maintenance reduces unplanned downtime.,IoT
preventative maintenance reduces unplanned downtime.,IoT
monitor industrial processes efficiently. SCADA systems monitor industrial processes efficiently.,Process Control
SCADA systems monitor industrial processes efficiently.,Process Control
provides insights from industrial sensors. IoT provides insights from industrial sensors.,IoT
provides insights from industrial sensors. The IoT provides insights from industrial sensors.,IoT
stabilize industrial processes. PID controllers stabilize industrial processes.,Process Control
stabilize industrial processes. PID controllers stabilize industrial processes.,Process Control
guide automation implementations. ISA safety standards guide automation implementations.,Safety and Standards
guide automation implementations. guide automation implementations. ISA safety standards guide automation implementations.,Safety and Standards
How do I reset my password?,General
How do I reset my password? How do I reset my password?,General
What is the support team's contact information?,General
Was is the support team's contact information?,General
"The website is down, what should I do?",General
"The website is down, what should I do? The website is down, what should I do?",General
How do I schedule a meeting with a sales representative? How do I schedule a meeting with a sales representative?,General
How do I schedule a meeting with a sales representative? How can I schedule a meeting with a sales representative?,General
from the mailing list? from the mailing list? How do I unsubscribe from the mailing list?,General
from the mailing list? How do I unsubscribe from the mailing list?,General
Robotics Robotics Robotics Robotics Robotics Robotics Robotics Robotics Robotics Robotics Robotics Robotics Robotics Robotics Robotics Robotics,Factory Automation
Robotics Robotics Robotics Robotics Robotics Robotics Robotics Robotics Robotics Robotics Robotics Robotics Robotics Robotics Robotics Robotic,Factory Automation
PLC programming and SCADA systems are core to factory automation.,Factory Automation
PLC programming and SCADA systems are core to factory automation systems.,Factory Automation
enables smart factories and predictive maintenance. enables smart factories and predictive maintenance.,IoT
enables smart factories and predictive maintenance. IoT enables smart factories and predictive maintenance.,IoT
PID controllers are essential for process control.,Process Control
are essential for process control. PID controllers are essential for process control.,Process Control
Robotics and machine vision optimize production lines.,Factory Automation
Robotics and machine vision optimize production lines. Robotics and machine vision optimize production lines.,Factory Automation
helps integrate sensors with cloud platforms. Industrial IoT helps integrate sensors with cloud platforms.,IoT
IoT helps integrate sensors with cloud platforms. Industrial IoT helps integrate sensors with cloud platforms.,IoT
Safety protocols like ISA standards are crucial in automation.,Safety and Standards
Safety protocols such as ISA standards are crucial in automation.,Safety and Standards
preventive maintenance reduces unplanned downtime.,IoT
preventative maintenance reduces unplanned downtime.,IoT
monitor industrial processes efficiently. SCADA systems monitor industrial processes efficiently.,Process Control
SCADA systems monitor industrial processes efficiently.,Process Control
provides insights from industrial sensors. IoT provides insights from industrial sensors.,IoT
provides insights from industrial sensors. The IoT provides insights from industrial sensors.,IoT
stabilize industrial processes. PID controllers stabilize industrial processes.,Process Control
stabilize industrial processes. PID controllers stabilize industrial processes.,Process Control
guide automation implementations. ISA safety standards guide automation implementations.,Safety and Standards
guide automation implementations. guide automation implementations. ISA safety standards guide automation implementations.,Safety and Standards
How do I reset my password?,General
How do I reset my password? How do I reset my password?,General
What is the support team's contact information?,General
Was is the support team's contact information?,General
"The website is down, what should I do?",General
"The website is down, what should I do? The website is down, what should I do?",General
How do I schedule a meeting with a sales representative? How do I schedule a meeting with a sales representative?,General
How do I schedule a meeting with a sales representative? How can I schedule a meeting with a sales representative?,General
from the mailing list? from the mailing list? How do I unsubscribe from the mailing list?,General
from the mailing list? How do I unsubscribe from the mailing list?,General
Robotics Robotics Robotics Robotics Robotics Robotics Robotics Robotics Robotics Robotics Robotics Robotics Robotics Robotics Robotics Robotics,Factory Automation
Robotics Robotics Robotics Robotics Robotics Robotics Robotics Robotics Robotics Robotics Robotics Robotics Robotics Robotics Robotics Robotic,Factory Automation
